HNR05,HNR15,HNR25,HNR35,HNR38,GNE,MFCC0,MFCC1,MFCC2,MFCC3,MFCC4,MFCC5,MFCC6,MFCC7,MFCC8,MFCC9,MFCC10,MFCC11,MFCC12,Delta0,Delta1,Delta2,Delta3,Delta4,Delta5,Delta6,Delta7,Delta8,Delta9,Delta10,Delta11,Delta12,Status
33.61721128,36.26462946,45.52676423,52.13509959,53.41762995,0.959232772,1.097069405,1.11739266,1.102432126,1.108991278,1.101534224,1.055105628,1.093826821,1.097772831,1.092962016,1.099811424,1.11968493,1.04867149,1.112830107,1.112962636,1.130445471,1.057238873,1.107477137,1.083859099,1.101818536,1.114160555,1.090094836,1.1407051,1.126667108,1.158443517,1.096072668,1.141835114,1
